ID,Assembly_atom_ID,Entity_assembly_ID,Entity_ID,Comp_index_ID,Seq_ID,Comp_ID,Atom_ID,Atom_type,Atom_isotope_number,Val,Val_err,Assign_fig_of_merit,Ambiguity_code,Ambiguity_set_ID,Occupancy,Resonance_ID,Auth_entity_assembly_ID,Auth_asym_ID,Auth_seq_ID,Auth_comp_ID,Auth_atom_ID,PDB_record_ID,PDB_model_num,PDB_strand_ID,PDB_ins_code,PDB_residue_no,PDB_residue_name,PDB_atom_name,Original_PDB_strand_ID,Original_PDB_residue_no,Original_PDB_residue_name,Original_PDB_atom_name,Details,Sf_ID,Entry_ID,Assigned_chem_shift_list_ID
1,,1,1,2,2,ILE,HA,H,1,3.89,0.02,,1,,,,,,,,,,,,,,,,,,,,,222881,6203,1
2,,1,1,2,2,ILE,HB,H,1,1.09,0.02,,1,,,,,,,,,,,,,,,,,,,,,222881,6203,1
3,,1,1,2,2,ILE,HG12,H,1,0.83,0.02,,1,,,,,,,,,,,,,,,,,,,,,222881,6203,1
4,,1,1,2,2,ILE,HG13,H,1,0.83,0.02,,1,,,,,,,,,,,,,,,,,,,,,222881,6203,1
5,,1,1,2,2,ILE,HG21,H,1,0.68,0.02,,1,,,,,,,,,,,,,,,,,,,,,222881,6203,1
6,,1,1,2,2,ILE,HG22,H,1,0.68,0.02,,1,,,,,,,,,,,,,,,,,,,,,222881,6203,1
7,,1,1,2,2,ILE,HG23,H,1,0.68,0.02,,1,,,,,,,,,,,,,,,,,,,,,222881,6203,1
8,,1,1,2,2,ILE,HD11,H,1,0.47,0.02,,1,,,,,,,,,,,,,,,,,,,,,222881,6203,1
9,,1,1,2,2,ILE,HD12,H,1,0.47,0.02,,1,,,,,,,,,,,,,,,,,,,,,222881,6203,1
10,,1,1,2,2,ILE,HD13,H,1,0.47,0.02,,1,,,,,,,,,,,,,,,,,,,,,222881,6203,1
11,,1,1,3,3,VAL,H,H,1,8.21,0.02,,1,,,,,,,,,,,,,,,,,,,,,222881,6203,1
12,,1,1,3,3,VAL,HA,H,1,3.56,0.02,,1,,,,,,,,,,,,,,,,,,,,,222881,6203,1
13,,1,1,3,3,VAL,HB,H,1,1.92,0.02,,1,,,,,,,,,,,,,,,,,,,,,222881,6203,1
14,,1,1,3,3,VAL,HG11,H,1,0.93,0.02,,2,,,,,,,,,,,,,,,,,,,,,222881,6203,1
15,,1,1,3,3,VAL,HG12,H,1,0.93,0.02,,2,,,,,,,,,,,,,,,,,,,,,222881,6203,1
16,,1,1,3,3,VAL,HG13,H,1,0.93,0.02,,2,,,,,,,,,,,,,,,,,,,,,222881,6203,1
17,,1,1,3,3,VAL,HG21,H,1,0.87,0.02,,2,,,,,,,,,,,,,,,,,,,,,222881,6203,1
18,,1,1,3,3,VAL,HG22,H,1,0.87,0.02,,2,,,,,,,,,,,,,,,,,,,,,222881,6203,1
19,,1,1,3,3,VAL,HG23,H,1,0.87,0.02,,2,,,,,,,,,,,,,,,,,,,,,222881,6203,1
20,,1,1,4,4,GLU,H,H,1,8.32,0.02,,1,,,,,,,,,,,,,,,,,,,,,222881,6203,1
21,,1,1,4,4,GLU,HA,H,1,4.11,0.02,,1,,,,,,,,,,,,,,,,,,,,,222881,6203,1
22,,1,1,4,4,GLU,HB2,H,1,2.09,0.02,,1,,,,,,,,,,,,,,,,,,,,,222881,6203,1
23,,1,1,4,4,GLU,HB3,H,1,2.09,0.02,,1,,,,,,,,,,,,,,,,,,,,,222881,6203,1
24,,1,1,4,4,GLU,HG2,H,1,2.48,0.02,,1,,,,,,,,,,,,,,,,,,,,,222881,6203,1
25,,1,1,4,4,GLU,HG3,H,1,2.48,0.02,,1,,,,,,,,,,,,,,,,,,,,,222881,6203,1
26,,1,1,5,5,GLN,H,H,1,8.39,0.02,,1,,,,,,,,,,,,,,,,,,,,,222881,6203,1
27,,1,1,5,5,GLN,HA,H,1,4.04,0.02,,1,,,,,,,,,,,,,,,,,,,,,222881,6203,1
28,,1,1,5,5,GLN,HB2,H,1,2.04,0.02,,2,,,,,,,,,,,,,,,,,,,,,222881,6203,1
29,,1,1,5,5,GLN,HB3,H,1,2.13,0.02,,2,,,,,,,,,,,,,,,,,,,,,222881,6203,1
30,,1,1,5,5,GLN,HG2,H,1,2.34,0.02,,2,,,,,,,,,,,,,,,,,,,,,222881,6203,1
31,,1,1,5,5,GLN,HG3,H,1,2.48,0.02,,2,,,,,,,,,,,,,,,,,,,,,222881,6203,1
32,,1,1,6,6,CYS,H,H,1,8.36,0.02,,1,,,,,,,,,,,,,,,,,,,,,222881,6203,1
33,,1,1,6,6,CYS,HA,H,1,4.97,0.02,,1,,,,,,,,,,,,,,,,,,,,,222881,6203,1
34,,1,1,6,6,CYS,HB2,H,1,3.34,0.02,,2,,,,,,,,,,,,,,,,,,,,,222881,6203,1
35,,1,1,6,6,CYS,HB3,H,1,2.83,0.02,,2,,,,,,,,,,,,,,,,,,,,,222881,6203,1
36,,1,1,7,7,CYS,H,H,1,8.24,0.02,,1,,,,,,,,,,,,,,,,,,,,,222881,6203,1
37,,1,1,7,7,CYS,HA,H,1,4.86,0.02,,1,,,,,,,,,,,,,,,,,,,,,222881,6203,1
38,,1,1,7,7,CYS,HB2,H,1,3.75,0.02,,2,,,,,,,,,,,,,,,,,,,,,222881,6203,1
39,,1,1,7,7,CYS,HB3,H,1,3.29,0.02,,2,,,,,,,,,,,,,,,,,,,,,222881,6203,1
40,,1,1,8,8,THR,H,H,1,8.04,0.02,,1,,,,,,,,,,,,,,,,,,,,,222881,6203,1
41,,1,1,8,8,THR,HA,H,1,4.03,0.02,,1,,,,,,,,,,,,,,,,,,,,,222881,6203,1
42,,1,1,8,8,THR,HB,H,1,4.39,0.02,,1,,,,,,,,,,,,,,,,,,,,,222881,6203,1
43,,1,1,8,8,THR,HG21,H,1,1.25,0.02,,1,,,,,,,,,,,,,,,,,,,,,222881,6203,1
44,,1,1,8,8,THR,HG22,H,1,1.25,0.02,,1,,,,,,,,,,,,,,,,,,,,,222881,6203,1
45,,1,1,8,8,THR,HG23,H,1,1.25,0.02,,1,,,,,,,,,,,,,,,,,,,,,222881,6203,1
46,,1,1,9,9,SER,H,H,1,7.31,0.02,,1,,,,,,,,,,,,,,,,,,,,,222881,6203,1
47,,1,1,9,9,SER,HA,H,1,4.74,0.02,,1,,,,,,,,,,,,,,,,,,,,,222881,6203,1
48,,1,1,9,9,SER,HB2,H,1,3.98,0.02,,2,,,,,,,,,,,,,,,,,,,,,222881,6203,1
49,,1,1,9,9,SER,HB3,H,1,3.84,0.02,,2,,,,,,,,,,,,,,,,,,,,,222881,6203,1
50,,1,1,10,10,ILE,H,H,1,7.87,0.02,,1,,,,,,,,,,,,,,,,,,,,,222881,6203,1
51,,1,1,10,10,ILE,HA,H,1,4.30,0.02,,1,,,,,,,,,,,,,,,,,,,,,222881,6203,1
52,,1,1,10,10,ILE,HB,H,1,1.57,0.02,,1,,,,,,,,,,,,,,,,,,,,,222881,6203,1
53,,1,1,10,10,ILE,HG12,H,1,1.11,0.02,,2,,,,,,,,,,,,,,,,,,,,,222881,6203,1
54,,1,1,10,10,ILE,HG21,H,1,0.65,0.02,,1,,,,,,,,,,,,,,,,,,,,,222881,6203,1
55,,1,1,10,10,ILE,HG22,H,1,0.65,0.02,,1,,,,,,,,,,,,,,,,,,,,,222881,6203,1
56,,1,1,10,10,ILE,HG23,H,1,0.65,0.02,,1,,,,,,,,,,,,,,,,,,,,,222881,6203,1
57,,1,1,10,10,ILE,HD11,H,1,0.49,0.02,,1,,,,,,,,,,,,,,,,,,,,,222881,6203,1
58,,1,1,10,10,ILE,HD12,H,1,0.49,0.02,,1,,,,,,,,,,,,,,,,,,,,,222881,6203,1
59,,1,1,10,10,ILE,HD13,H,1,0.49,0.02,,1,,,,,,,,,,,,,,,,,,,,,222881,6203,1
60,,1,1,11,11,CYS,HA,H,1,4.96,0.02,,1,,,,,,,,,,,,,,,,,,,,,222881,6203,1
61,,1,1,11,11,CYS,HB2,H,1,3.28,0.02,,2,,,,,,,,,,,,,,,,,,,,,222881,6203,1
62,,1,1,11,11,CYS,HB3,H,1,2.96,0.02,,2,,,,,,,,,,,,,,,,,,,,,222881,6203,1
63,,1,1,12,12,SER,HA,H,1,4.63,0.02,,1,,,,,,,,,,,,,,,,,,,,,222881,6203,1
64,,1,1,12,12,SER,HB2,H,1,3.99,0.02,,2,,,,,,,,,,,,,,,,,,,,,222881,6203,1
65,,1,1,12,12,SER,HB3,H,1,4.16,0.02,,2,,,,,,,,,,,,,,,,,,,,,222881,6203,1
66,,1,1,13,13,LEU,H,H,1,8.69,0.02,,1,,,,,,,,,,,,,,,,,,,,,222881,6203,1
67,,1,1,13,13,LEU,HA,H,1,3.83,0.02,,1,,,,,,,,,,,,,,,,,,,,,222881,6203,1
68,,1,1,13,13,LEU,HB2,H,1,1.38,0.02,,2,,,,,,,,,,,,,,,,,,,,,222881,6203,1
69,,1,1,13,13,LEU,HB3,H,1,1.45,0.02,,2,,,,,,,,,,,,,,,,,,,,,222881,6203,1
70,,1,1,13,13,LEU,HG,H,1,1.48,0.02,,1,,,,,,,,,,,,,,,,,,,,,222881,6203,1
71,,1,1,13,13,LEU,HD11,H,1,0.83,0.02,,2,,,,,,,,,,,,,,,,,,,,,222881,6203,1
72,,1,1,13,13,LEU,HD12,H,1,0.83,0.02,,2,,,,,,,,,,,,,,,,,,,,,222881,6203,1
73,,1,1,13,13,LEU,HD13,H,1,0.83,0.02,,2,,,,,,,,,,,,,,,,,,,,,222881,6203,1
74,,1,1,13,13,LEU,HD21,H,1,0.76,0.02,,2,,,,,,,,,,,,,,,,,,,,,222881,6203,1
75,,1,1,13,13,LEU,HD22,H,1,0.76,0.02,,2,,,,,,,,,,,,,,,,,,,,,222881,6203,1
76,,1,1,13,13,LEU,HD23,H,1,0.76,0.02,,2,,,,,,,,,,,,,,,,,,,,,222881,6203,1
77,,1,1,14,14,TYR,H,H,1,7.66,0.02,,1,,,,,,,,,,,,,,,,,,,,,222881,6203,1
78,,1,1,14,14,TYR,HA,H,1,4.31,0.02,,1,,,,,,,,,,,,,,,,,,,,,222881,6203,1
79,,1,1,14,14,TYR,HB2,H,1,2.99,0.02,,2,,,,,,,,,,,,,,,,,,,,,222881,6203,1
80,,1,1,14,14,TYR,HB3,H,1,3.00,0.02,,2,,,,,,,,,,,,,,,,,,,,,222881,6203,1
81,,1,1,14,14,TYR,HD1,H,1,7.12,0.02,,1,,,,,,,,,,,,,,,,,,,,,222881,6203,1
82,,1,1,14,14,TYR,HD2,H,1,7.12,0.02,,1,,,,,,,,,,,,,,,,,,,,,222881,6203,1
83,,1,1,14,14,TYR,HE1,H,1,6.85,0.02,,1,,,,,,,,,,,,,,,,,,,,,222881,6203,1
84,,1,1,14,14,TYR,HE2,H,1,6.85,0.02,,1,,,,,,,,,,,,,,,,,,,,,222881,6203,1
85,,1,1,15,15,GLN,H,H,1,7.48,0.02,,1,,,,,,,,,,,,,,,,,,,,,222881,6203,1
86,,1,1,15,15,GLN,HA,H,1,3.97,0.02,,1,,,,,,,,,,,,,,,,,,,,,222881,6203,1
87,,1,1,15,15,GLN,HB2,H,1,2.22,0.02,,2,,,,,,,,,,,,,,,,,,,,,222881,6203,1
88,,1,1,15,15,GLN,HB3,H,1,2.32,0.02,,2,,,,,,,,,,,,,,,,,,,,,222881,6203,1
89,,1,1,15,15,GLN,HG2,H,1,2.39,0.02,,1,,,,,,,,,,,,,,,,,,,,,222881,6203,1
90,,1,1,15,15,GLN,HG3,H,1,2.39,0.02,,1,,,,,,,,,,,,,,,,,,,,,222881,6203,1
91,,1,1,16,16,LEU,H,H,1,7.85,0.02,,1,,,,,,,,,,,,,,,,,,,,,222881,6203,1
92,,1,1,16,16,LEU,HA,H,1,4.10,0.02,,1,,,,,,,,,,,,,,,,,,,,,222881,6203,1
93,,1,1,16,16,LEU,HB2,H,1,1.96,0.02,,2,,,,,,,,,,,,,,,,,,,,,222881,6203,1
94,,1,1,16,16,LEU,HB3,H,1,1.37,0.02,,2,,,,,,,,,,,,,,,,,,,,,222881,6203,1
95,,1,1,16,16,LEU,HG,H,1,1.74,0.02,,1,,,,,,,,,,,,,,,,,,,,,222881,6203,1
96,,1,1,16,16,LEU,HD11,H,1,0.69,0.02,,2,,,,,,,,,,,,,,,,,,,,,222881,6203,1
97,,1,1,16,16,LEU,HD12,H,1,0.69,0.02,,2,,,,,,,,,,,,,,,,,,,,,222881,6203,1
98,,1,1,16,16,LEU,HD13,H,1,0.69,0.02,,2,,,,,,,,,,,,,,,,,,,,,222881,6203,1
99,,1,1,16,16,LEU,HD21,H,1,0.74,0.02,,2,,,,,,,,,,,,,,,,,,,,,222881,6203,1
100,,1,1,16,16,LEU,HD22,H,1,0.74,0.02,,2,,,,,,,,,,,,,,,,,,,,,222881,6203,1
101,,1,1,16,16,LEU,HD23,H,1,0.74,0.02,,2,,,,,,,,,,,,,,,,,,,,,222881,6203,1
102,,1,1,17,17,GLU,H,H,1,8.06,0.02,,1,,,,,,,,,,,,,,,,,,,,,222881,6203,1
103,,1,1,17,17,GLU,HA,H,1,4.11,0.02,,1,,,,,,,,,,,,,,,,,,,,,222881,6203,1
104,,1,1,17,17,GLU,HB2,H,1,2.02,0.02,,1,,,,,,,,,,,,,,,,,,,,,222881,6203,1
105,,1,1,17,17,GLU,HB3,H,1,2.02,0.02,,1,,,,,,,,,,,,,,,,,,,,,222881,6203,1
106,,1,1,17,17,GLU,HG2,H,1,2.48,0.02,,2,,,,,,,,,,,,,,,,,,,,,222881,6203,1
107,,1,1,17,17,GLU,HG3,H,1,2.24,0.02,,2,,,,,,,,,,,,,,,,,,,,,222881,6203,1
108,,1,1,18,18,ASN,H,H,1,7.30,0.02,,1,,,,,,,,,,,,,,,,,,,,,222881,6203,1
109,,1,1,18,18,ASN,HA,H,1,4.47,0.02,,1,,,,,,,,,,,,,,,,,,,,,222881,6203,1
110,,1,1,18,18,ASN,HB2,H,1,2.67,0.02,,2,,,,,,,,,,,,,,,,,,,,,222881,6203,1
111,,1,1,18,18,ASN,HB3,H,1,2.54,0.02,,2,,,,,,,,,,,,,,,,,,,,,222881,6203,1
112,,1,1,18,18,ASN,HD21,H,1,7.22,0.02,,2,,,,,,,,,,,,,,,,,,,,,222881,6203,1
113,,1,1,18,18,ASN,HD22,H,1,6.59,0.02,,2,,,,,,,,,,,,,,,,,,,,,222881,6203,1
114,,1,1,19,19,TYR,H,H,1,7.98,0.02,,1,,,,,,,,,,,,,,,,,,,,,222881,6203,1
115,,1,1,19,19,TYR,HA,H,1,4.16,0.02,,1,,,,,,,,,,,,,,,,,,,,,222881,6203,1
116,,1,1,19,19,TYR,HB2,H,1,3.48,0.02,,2,,,,,,,,,,,,,,,,,,,,,222881,6203,1
117,,1,1,19,19,TYR,HB3,H,1,2.74,0.02,,2,,,,,,,,,,,,,,,,,,,,,222881,6203,1
118,,1,1,19,19,TYR,HD1,H,1,7.32,0.02,,1,,,,,,,,,,,,,,,,,,,,,222881,6203,1
119,,1,1,19,19,TYR,HD2,H,1,7.32,0.02,,1,,,,,,,,,,,,,,,,,,,,,222881,6203,1
120,,1,1,19,19,TYR,HE1,H,1,6.77,0.02,,1,,,,,,,,,,,,,,,,,,,,,222881,6203,1
121,,1,1,19,19,TYR,HE2,H,1,6.77,0.02,,1,,,,,,,,,,,,,,,,,,,,,222881,6203,1
122,,1,1,20,20,CYS,H,H,1,7.23,0.02,,1,,,,,,,,,,,,,,,,,,,,,222881,6203,1
123,,1,1,20,20,CYS,HA,H,1,5.15,0.02,,1,,,,,,,,,,,,,,,,,,,,,222881,6203,1
124,,1,1,20,20,CYS,HB2,H,1,3.29,0.02,,2,,,,,,,,,,,,,,,,,,,,,222881,6203,1
125,,1,1,20,20,CYS,HB3,H,1,2.77,0.02,,2,,,,,,,,,,,,,,,,,,,,,222881,6203,1
126,,1,1,21,21,ASN,H,H,1,8.02,0.02,,1,,,,,,,,,,,,,,,,,,,,,222881,6203,1
127,,1,1,21,21,ASN,HA,H,1,4.48,0.02,,1,,,,,,,,,,,,,,,,,,,,,222881,6203,1
128,,1,1,21,21,ASN,HB2,H,1,2.76,0.02,,2,,,,,,,,,,,,,,,,,,,,,222881,6203,1
129,,1,1,21,21,ASN,HB3,H,1,2.63,0.02,,2,,,,,,,,,,,,,,,,,,,,,222881,6203,1
130,,1,1,21,21,ASN,HD21,H,1,7.51,0.02,,2,,,,,,,,,,,,,,,,,,,,,222881,6203,1
131,,1,1,21,21,ASN,HD22,H,1,6.50,0.02,,2,,,,,,,,,,,,,,,,,,,,,222881,6203,1
1,,2,2,1,1,PHE,HA,H,1,4.13,0.02,,1,,,,,,,,,,,,,,,,,,,,,222882,6203,2
2,,2,2,1,1,PHE,HB2,H,1,3.12,0.02,,1,,,,,,,,,,,,,,,,,,,,,222882,6203,2
3,,2,2,1,1,PHE,HB3,H,1,3.12,0.02,,1,,,,,,,,,,,,,,,,,,,,,222882,6203,2
4,,2,2,1,1,PHE,HD1,H,1,7.23,0.02,,1,,,,,,,,,,,,,,,,,,,,,222882,6203,2
5,,2,2,1,1,PHE,HD2,H,1,7.23,0.02,,1,,,,,,,,,,,,,,,,,,,,,222882,6203,2
6,,2,2,1,1,PHE,HE1,H,1,7.33,0.02,,1,,,,,,,,,,,,,,,,,,,,,222882,6203,2
7,,2,2,1,1,PHE,HE2,H,1,7.33,0.02,,1,,,,,,,,,,,,,,,,,,,,,222882,6203,2
8,,2,2,2,2,VAL,HA,H,1,4.09,0.02,,1,,,,,,,,,,,,,,,,,,,,,222882,6203,2
9,,2,2,2,2,VAL,HB,H,1,1.98,0.02,,1,,,,,,,,,,,,,,,,,,,,,222882,6203,2
10,,2,2,2,2,VAL,HG11,H,1,0.89,0.02,,1,,,,,,,,,,,,,,,,,,,,,222882,6203,2
11,,2,2,2,2,VAL,HG12,H,1,0.89,0.02,,1,,,,,,,,,,,,,,,,,,,,,222882,6203,2
12,,2,2,2,2,VAL,HG13,H,1,0.89,0.02,,1,,,,,,,,,,,,,,,,,,,,,222882,6203,2
13,,2,2,2,2,VAL,HG21,H,1,0.89,0.02,,1,,,,,,,,,,,,,,,,,,,,,222882,6203,2
14,,2,2,2,2,VAL,HG22,H,1,0.89,0.02,,1,,,,,,,,,,,,,,,,,,,,,222882,6203,2
15,,2,2,2,2,VAL,HG23,H,1,0.89,0.02,,1,,,,,,,,,,,,,,,,,,,,,222882,6203,2
16,,2,2,3,3,ASN,H,H,1,8.55,0.02,,1,,,,,,,,,,,,,,,,,,,,,222882,6203,2
17,,2,2,3,3,ASN,HA,H,1,4.63,0.02,,1,,,,,,,,,,,,,,,,,,,,,222882,6203,2
18,,2,2,3,3,ASN,HB2,H,1,2.78,0.02,,2,,,,,,,,,,,,,,,,,,,,,222882,6203,2
19,,2,2,3,3,ASN,HB3,H,1,2.72,0.02,,2,,,,,,,,,,,,,,,,,,,,,222882,6203,2
20,,2,2,3,3,ASN,HD21,H,1,7.54,0.02,,2,,,,,,,,,,,,,,,,,,,,,222882,6203,2
21,,2,2,3,3,ASN,HD22,H,1,6.85,0.02,,2,,,,,,,,,,,,,,,,,,,,,222882,6203,2
22,,2,2,4,4,GLN,H,H,1,8.24,0.02,,1,,,,,,,,,,,,,,,,,,,,,222882,6203,2
23,,2,2,4,4,GLN,HA,H,1,4.47,0.02,,1,,,,,,,,,,,,,,,,,,,,,222882,6203,2
24,,2,2,4,4,GLN,HB2,H,1,2.06,0.02,,2,,,,,,,,,,,,,,,,,,,,,222882,6203,2
25,,2,2,4,4,GLN,HB3,H,1,1.94,0.02,,2,,,,,,,,,,,,,,,,,,,,,222882,6203,2
26,,2,2,4,4,GLN,HG2,H,1,2.20,0.02,,2,,,,,,,,,,,,,,,,,,,,,222882,6203,2
27,,2,2,4,4,GLN,HG3,H,1,2.15,0.02,,2,,,,,,,,,,,,,,,,,,,,,222882,6203,2
28,,2,2,5,5,HIS,HA,H,1,4.47,0.02,,1,,,,,,,,,,,,,,,,,,,,,222882,6203,2
29,,2,2,5,5,HIS,HB2,H,1,3.52,0.02,,2,,,,,,,,,,,,,,,,,,,,,222882,6203,2
30,,2,2,5,5,HIS,HB3,H,1,3.18,0.02,,2,,,,,,,,,,,,,,,,,,,,,222882,6203,2
31,,2,2,6,6,LEU,H,H,1,8.98,0.02,,1,,,,,,,,,,,,,,,,,,,,,222882,6203,2
32,,2,2,6,6,LEU,HA,H,1,4.58,0.02,,1,,,,,,,,,,,,,,,,,,,,,222882,6203,2
33,,2,2,6,6,LEU,HB2,H,1,1.74,0.02,,2,,,,,,,,,,,,,,,,,,,,,222882,6203,2
34,,2,2,6,6,LEU,HB3,H,1,0.85,0.02,,2,,,,,,,,,,,,,,,,,,,,,222882,6203,2
35,,2,2,6,6,LEU,HG,H,1,1.62,0.02,,1,,,,,,,,,,,,,,,,,,,,,222882,6203,2
36,,2,2,6,6,LEU,HD11,H,1,0.83,0.02,,2,,,,,,,,,,,,,,,,,,,,,222882,6203,2
37,,2,2,6,6,LEU,HD12,H,1,0.83,0.02,,2,,,,,,,,,,,,,,,,,,,,,222882,6203,2
38,,2,2,6,6,LEU,HD13,H,1,0.83,0.02,,2,,,,,,,,,,,,,,,,,,,,,222882,6203,2
39,,2,2,6,6,LEU,HD21,H,1,0.72,0.02,,2,,,,,,,,,,,,,,,,,,,,,222882,6203,2
40,,2,2,6,6,LEU,HD22,H,1,0.72,0.02,,2,,,,,,,,,,,,,,,,,,,,,222882,6203,2
41,,2,2,6,6,LEU,HD23,H,1,0.72,0.02,,2,,,,,,,,,,,,,,,,,,,,,222882,6203,2
42,,2,2,7,7,CYS,H,H,1,8.94,0.02,,1,,,,,,,,,,,,,,,,,,,,,222882,6203,2
43,,2,2,7,7,CYS,HA,H,1,4.95,0.02,,1,,,,,,,,,,,,,,,,,,,,,222882,6203,2
44,,2,2,7,7,CYS,HB2,H,1,3.23,0.02,,2,,,,,,,,,,,,,,,,,,,,,222882,6203,2
45,,2,2,7,7,CYS,HB3,H,1,2.96,0.02,,2,,,,,,,,,,,,,,,,,,,,,222882,6203,2
46,,2,2,8,8,GLY,HA2,H,1,3.96,0.02,,2,,,,,,,,,,,,,,,,,,,,,222882,6203,2
47,,2,2,8,8,GLY,HA3,H,1,4.06,0.02,,2,,,,,,,,,,,,,,,,,,,,,222882,6203,2
48,,2,2,9,9,SER,H,H,1,8.08,0.02,,1,,,,,,,,,,,,,,,,,,,,,222882,6203,2
49,,2,2,9,9,SER,HA,H,1,4.32,0.02,,1,,,,,,,,,,,,,,,,,,,,,222882,6203,2
50,,2,2,9,9,SER,HB2,H,1,3.93,0.02,,2,,,,,,,,,,,,,,,,,,,,,222882,6203,2
51,,2,2,9,9,SER,HB3,H,1,4.06,0.02,,2,,,,,,,,,,,,,,,,,,,,,222882,6203,2
52,,2,2,10,10,ASP,H,H,1,8.01,0.02,,1,,,,,,,,,,,,,,,,,,,,,222882,6203,2
53,,2,2,10,10,ASP,HA,H,1,4.43,0.02,,2,,,,,,,,,,,,,,,,,,,,,222882,6203,2
54,,2,2,10,10,ASP,HB2,H,1,3.01,0.02,,2,,,,,,,,,,,,,,,,,,,,,222882,6203,2
55,,2,2,10,10,ASP,HB3,H,1,2.65,0.02,,2,,,,,,,,,,,,,,,,,,,,,222882,6203,2
56,,2,2,11,11,LEU,H,H,1,7.06,0.02,,1,,,,,,,,,,,,,,,,,,,,,222882,6203,2
57,,2,2,11,11,LEU,HA,H,1,3.97,0.02,,1,,,,,,,,,,,,,,,,,,,,,222882,6203,2
58,,2,2,11,11,LEU,HB2,H,1,1.86,0.02,,2,,,,,,,,,,,,,,,,,,,,,222882,6203,2
59,,2,2,11,11,LEU,HB3,H,1,1.18,0.02,,2,,,,,,,,,,,,,,,,,,,,,222882,6203,2
60,,2,2,11,11,LEU,HG,H,1,1.26,0.02,,1,,,,,,,,,,,,,,,,,,,,,222882,6203,2
61,,2,2,11,11,LEU,HD11,H,1,0.74,0.02,,2,,,,,,,,,,,,,,,,,,,,,222882,6203,2
62,,2,2,11,11,LEU,HD12,H,1,0.74,0.02,,2,,,,,,,,,,,,,,,,,,,,,222882,6203,2
63,,2,2,11,11,LEU,HD13,H,1,0.74,0.02,,2,,,,,,,,,,,,,,,,,,,,,222882,6203,2
64,,2,2,11,11,LEU,HD21,H,1,0.66,0.02,,2,,,,,,,,,,,,,,,,,,,,,222882,6203,2
65,,2,2,11,11,LEU,HD22,H,1,0.66,0.02,,2,,,,,,,,,,,,,,,,,,,,,222882,6203,2
66,,2,2,11,11,LEU,HD23,H,1,0.66,0.02,,2,,,,,,,,,,,,,,,,,,,,,222882,6203,2
67,,2,2,12,12,THR,H,H,1,7.25,0.02,,1,,,,,,,,,,,,,,,,,,,,,222882,6203,2
68,,2,2,12,12,THR,HA,H,1,3.52,0.02,,1,,,,,,,,,,,,,,,,,,,,,222882,6203,2
69,,2,2,12,12,THR,HB,H,1,4.23,0.02,,1,,,,,,,,,,,,,,,,,,,,,222882,6203,2
70,,2,2,12,12,THR,HG21,H,1,1.31,0.02,,1,,,,,,,,,,,,,,,,,,,,,222882,6203,2
71,,2,2,12,12,THR,HG22,H,1,1.31,0.02,,1,,,,,,,,,,,,,,,,,,,,,222882,6203,2
72,,2,2,12,12,THR,HG23,H,1,1.31,0.02,,1,,,,,,,,,,,,,,,,,,,,,222882,6203,2
73,,2,2,13,13,GLU,H,H,1,7.97,0.02,,1,,,,,,,,,,,,,,,,,,,,,222882,6203,2
74,,2,2,13,13,GLU,HA,H,1,4.09,0.02,,1,,,,,,,,,,,,,,,,,,,,,222882,6203,2
75,,2,2,13,13,GLU,HB2,H,1,2.32,0.02,,2,,,,,,,,,,,,,,,,,,,,,222882,6203,2
76,,2,2,13,13,GLU,HB3,H,1,2.09,0.02,,2,,,,,,,,,,,,,,,,,,,,,222882,6203,2
77,,2,2,13,13,GLU,HG2,H,1,2.48,0.02,,1,,,,,,,,,,,,,,,,,,,,,222882,6203,2
78,,2,2,13,13,GLU,HG3,H,1,2.48,0.02,,1,,,,,,,,,,,,,,,,,,,,,222882,6203,2
79,,2,2,14,14,ALA,H,H,1,7.56,0.02,,1,,,,,,,,,,,,,,,,,,,,,222882,6203,2
80,,2,2,14,14,ALA,HA,H,1,4.09,0.02,,1,,,,,,,,,,,,,,,,,,,,,222882,6203,2
81,,2,2,14,14,ALA,HB1,H,1,1.39,0.02,,1,,,,,,,,,,,,,,,,,,,,,222882,6203,2
82,,2,2,14,14,ALA,HB2,H,1,1.39,0.02,,1,,,,,,,,,,,,,,,,,,,,,222882,6203,2
83,,2,2,14,14,ALA,HB3,H,1,1.39,0.02,,1,,,,,,,,,,,,,,,,,,,,,222882,6203,2
84,,2,2,15,15,LEU,H,H,1,8.04,0.02,,2,,,,,,,,,,,,,,,,,,,,,222882,6203,2
85,,2,2,15,15,LEU,HA,H,1,3.68,0.02,,1,,,,,,,,,,,,,,,,,,,,,222882,6203,2
86,,2,2,15,15,LEU,HB2,H,1,1.22,0.02,,2,,,,,,,,,,,,,,,,,,,,,222882,6203,2
87,,2,2,15,15,LEU,HB3,H,1,0.89,0.02,,2,,,,,,,,,,,,,,,,,,,,,222882,6203,2
88,,2,2,15,15,LEU,HG,H,1,1.23,0.02,,1,,,,,,,,,,,,,,,,,,,,,222882,6203,2
89,,2,2,15,15,LEU,HD11,H,1,0.52,0.02,,2,,,,,,,,,,,,,,,,,,,,,222882,6203,2
90,,2,2,15,15,LEU,HD12,H,1,0.52,0.02,,2,,,,,,,,,,,,,,,,,,,,,222882,6203,2
91,,2,2,15,15,LEU,HD13,H,1,0.52,0.02,,2,,,,,,,,,,,,,,,,,,,,,222882,6203,2
92,,2,2,15,15,LEU,HD21,H,1,0.15,0.02,,2,,,,,,,,,,,,,,,,,,,,,222882,6203,2
93,,2,2,15,15,LEU,HD22,H,1,0.15,0.02,,2,,,,,,,,,,,,,,,,,,,,,222882,6203,2
94,,2,2,15,15,LEU,HD23,H,1,0.15,0.02,,2,,,,,,,,,,,,,,,,,,,,,222882,6203,2
95,,2,2,16,16,TYR,H,H,1,8.04,0.02,,1,,,,,,,,,,,,,,,,,,,,,222882,6203,2
96,,2,2,16,16,TYR,HA,H,1,4.39,0.02,,1,,,,,,,,,,,,,,,,,,,,,222882,6203,2
97,,2,2,16,16,TYR,HB2,H,1,3.19,0.02,,2,,,,,,,,,,,,,,,,,,,,,222882,6203,2
98,,2,2,16,16,TYR,HB3,H,1,3.16,0.02,,2,,,,,,,,,,,,,,,,,,,,,222882,6203,2
99,,2,2,16,16,TYR,HD1,H,1,7.27,0.02,,1,,,,,,,,,,,,,,,,,,,,,222882,6203,2
100,,2,2,16,16,TYR,HD2,H,1,7.27,0.02,,1,,,,,,,,,,,,,,,,,,,,,222882,6203,2
101,,2,2,16,16,TYR,HE1,H,1,6.84,0.02,,1,,,,,,,,,,,,,,,,,,,,,222882,6203,2
102,,2,2,16,16,TYR,HE2,H,1,6.84,0.02,,1,,,,,,,,,,,,,,,,,,,,,222882,6203,2
103,,2,2,17,17,LEU,H,H,1,7.64,0.02,,1,,,,,,,,,,,,,,,,,,,,,222882,6203,2
104,,2,2,17,17,LEU,HA,H,1,4.05,0.02,,1,,,,,,,,,,,,,,,,,,,,,222882,6203,2
105,,2,2,17,17,LEU,HB2,H,1,1.77,0.02,,2,,,,,,,,,,,,,,,,,,,,,222882,6203,2
106,,2,2,17,17,LEU,HB3,H,1,1.92,0.02,,2,,,,,,,,,,,,,,,,,,,,,222882,6203,2
107,,2,2,17,17,LEU,HD11,H,1,0.94,0.02,,1,,,,,,,,,,,,,,,,,,,,,222882,6203,2
108,,2,2,17,17,LEU,HD12,H,1,0.94,0.02,,1,,,,,,,,,,,,,,,,,,,,,222882,6203,2
109,,2,2,17,17,LEU,HD13,H,1,0.94,0.02,,1,,,,,,,,,,,,,,,,,,,,,222882,6203,2
110,,2,2,17,17,LEU,HD21,H,1,0.94,0.02,,1,,,,,,,,,,,,,,,,,,,,,222882,6203,2
111,,2,2,17,17,LEU,HD22,H,1,0.94,0.02,,1,,,,,,,,,,,,,,,,,,,,,222882,6203,2
112,,2,2,17,17,LEU,HD23,H,1,0.94,0.02,,1,,,,,,,,,,,,,,,,,,,,,222882,6203,2
113,,2,2,18,18,VAL,H,H,1,8.40,0.02,,1,,,,,,,,,,,,,,,,,,,,,222882,6203,2
114,,2,2,18,18,VAL,HA,H,1,3.72,0.02,,1,,,,,,,,,,,,,,,,,,,,,222882,6203,2
115,,2,2,18,18,VAL,HB,H,1,1.97,0.02,,1,,,,,,,,,,,,,,,,,,,,,222882,6203,2
116,,2,2,18,18,VAL,HG11,H,1,1.00,0.02,,2,,,,,,,,,,,,,,,,,,,,,222882,6203,2
117,,2,2,18,18,VAL,HG12,H,1,1.00,0.02,,2,,,,,,,,,,,,,,,,,,,,,222882,6203,2
118,,2,2,18,18,VAL,HG13,H,1,1.00,0.02,,2,,,,,,,,,,,,,,,,,,,,,222882,6203,2
119,,2,2,18,18,VAL,HG21,H,1,0.83,0.02,,2,,,,,,,,,,,,,,,,,,,,,222882,6203,2
120,,2,2,18,18,VAL,HG22,H,1,0.83,0.02,,2,,,,,,,,,,,,,,,,,,,,,222882,6203,2
121,,2,2,18,18,VAL,HG23,H,1,0.83,0.02,,2,,,,,,,,,,,,,,,,,,,,,222882,6203,2
122,,2,2,19,19,CYS,H,H,1,8.74,0.02,,1,,,,,,,,,,,,,,,,,,,,,222882,6203,2
123,,2,2,19,19,CYS,HA,H,1,4.80,0.02,,1,,,,,,,,,,,,,,,,,,,,,222882,6203,2
124,,2,2,19,19,CYS,HB2,H,1,3.29,0.02,,2,,,,,,,,,,,,,,,,,,,,,222882,6203,2
125,,2,2,19,19,CYS,HB3,H,1,2.88,0.02,,2,,,,,,,,,,,,,,,,,,,,,222882,6203,2
126,,2,2,20,20,GLY,H,H,1,7.81,0.02,,1,,,,,,,,,,,,,,,,,,,,,222882,6203,2
127,,2,2,20,20,GLY,HA2,H,1,3.96,0.02,,2,,,,,,,,,,,,,,,,,,,,,222882,6203,2
128,,2,2,20,20,GLY,HA3,H,1,3.82,0.02,,2,,,,,,,,,,,,,,,,,,,,,222882,6203,2
129,,2,2,21,21,GLU,HA,H,1,4.18,0.02,,1,,,,,,,,,,,,,,,,,,,,,222882,6203,2
130,,2,2,21,21,GLU,HB2,H,1,2.21,0.02,,2,,,,,,,,,,,,,,,,,,,,,222882,6203,2
131,,2,2,21,21,GLU,HB3,H,1,2.05,0.02,,2,,,,,,,,,,,,,,,,,,,,,222882,6203,2
132,,2,2,21,21,GLU,HG2,H,1,2.38,0.02,,1,,,,,,,,,,,,,,,,,,,,,222882,6203,2
133,,2,2,21,21,GLU,HG3,H,1,2.38,0.02,,1,,,,,,,,,,,,,,,,,,,,,222882,6203,2
134,,2,2,22,22,ARG,H,H,1,8.19,0.02,,1,,,,,,,,,,,,,,,,,,,,,222882,6203,2
135,,2,2,22,22,ARG,HA,H,1,4.15,0.02,,1,,,,,,,,,,,,,,,,,,,,,222882,6203,2
136,,2,2,22,22,ARG,HB2,H,1,2.07,0.02,,2,,,,,,,,,,,,,,,,,,,,,222882,6203,2
137,,2,2,22,22,ARG,HB3,H,1,2.16,0.02,,2,,,,,,,,,,,,,,,,,,,,,222882,6203,2
138,,2,2,22,22,ARG,HG2,H,1,1.86,0.02,,1,,,,,,,,,,,,,,,,,,,,,222882,6203,2
139,,2,2,22,22,ARG,HG3,H,1,1.86,0.02,,1,,,,,,,,,,,,,,,,,,,,,222882,6203,2
140,,2,2,22,22,ARG,HD2,H,1,3.28,0.02,,2,,,,,,,,,,,,,,,,,,,,,222882,6203,2
141,,2,2,22,22,ARG,HD3,H,1,3.31,0.02,,2,,,,,,,,,,,,,,,,,,,,,222882,6203,2
142,,2,2,23,23,GLY,H,H,1,7.33,0.02,,1,,,,,,,,,,,,,,,,,,,,,222882,6203,2
143,,2,2,23,23,GLY,HA2,H,1,4.12,0.02,,2,,,,,,,,,,,,,,,,,,,,,222882,6203,2
144,,2,2,23,23,GLY,HA3,H,1,3.78,0.02,,2,,,,,,,,,,,,,,,,,,,,,222882,6203,2
145,,2,2,24,24,PHE,H,H,1,7.60,0.02,,1,,,,,,,,,,,,,,,,,,,,,222882,6203,2
146,,2,2,24,24,PHE,HA,H,1,5.29,0.02,,1,,,,,,,,,,,,,,,,,,,,,222882,6203,2
147,,2,2,24,24,PHE,HB2,H,1,3.17,0.02,,2,,,,,,,,,,,,,,,,,,,,,222882,6203,2
148,,2,2,24,24,PHE,HB3,H,1,2.88,0.02,,2,,,,,,,,,,,,,,,,,,,,,222882,6203,2
149,,2,2,24,24,PHE,HD1,H,1,6.64,0.02,,1,,,,,,,,,,,,,,,,,,,,,222882,6203,2
150,,2,2,24,24,PHE,HD2,H,1,6.64,0.02,,1,,,,,,,,,,,,,,,,,,,,,222882,6203,2
151,,2,2,24,24,PHE,HE1,H,1,6.87,0.02,,1,,,,,,,,,,,,,,,,,,,,,222882,6203,2
152,,2,2,24,24,PHE,HE2,H,1,6.87,0.02,,1,,,,,,,,,,,,,,,,,,,,,222882,6203,2
153,,2,2,24,24,PHE,HZ,H,1,7.04,0.02,,1,,,,,,,,,,,,,,,,,,,,,222882,6203,2
154,,2,2,25,25,PHE,H,H,1,8.53,0.02,,1,,,,,,,,,,,,,,,,,,,,,222882,6203,2
155,,2,2,25,25,PHE,HA,H,1,4.85,0.02,,1,,,,,,,,,,,,,,,,,,,,,222882,6203,2
156,,2,2,25,25,PHE,HB2,H,1,3.17,0.02,,2,,,,,,,,,,,,,,,,,,,,,222882,6203,2
157,,2,2,25,25,PHE,HB3,H,1,3.23,0.02,,2,,,,,,,,,,,,,,,,,,,,,222882,6203,2
158,,2,2,25,25,PHE,HD1,H,1,7.22,0.02,,1,,,,,,,,,,,,,,,,,,,,,222882,6203,2
159,,2,2,25,25,PHE,HD2,H,1,7.22,0.02,,1,,,,,,,,,,,,,,,,,,,,,222882,6203,2
160,,2,2,25,25,PHE,HE1,H,1,7.36,0.02,,1,,,,,,,,,,,,,,,,,,,,,222882,6203,2
161,,2,2,25,25,PHE,HE2,H,1,7.36,0.02,,1,,,,,,,,,,,,,,,,,,,,,222882,6203,2
162,,2,2,26,26,TYR,H,H,1,8.26,0.02,,1,,,,,,,,,,,,,,,,,,,,,222882,6203,2
163,,2,2,26,26,TYR,HA,H,1,4.68,0.02,,1,,,,,,,,,,,,,,,,,,,,,222882,6203,2
164,,2,2,26,26,TYR,HB2,H,1,3.05,0.02,,2,,,,,,,,,,,,,,,,,,,,,222882,6203,2
165,,2,2,26,26,TYR,HB3,H,1,2.97,0.02,,2,,,,,,,,,,,,,,,,,,,,,222882,6203,2
166,,2,2,26,26,TYR,HD1,H,1,6.96,0.02,,1,,,,,,,,,,,,,,,,,,,,,222882,6203,2
167,,2,2,26,26,TYR,HD2,H,1,6.96,0.02,,1,,,,,,,,,,,,,,,,,,,,,222882,6203,2
168,,2,2,26,26,TYR,HE1,H,1,6.66,0.02,,1,,,,,,,,,,,,,,,,,,,,,222882,6203,2
169,,2,2,26,26,TYR,HE2,H,1,6.66,0.02,,1,,,,,,,,,,,,,,,,,,,,,222882,6203,2
170,,2,2,27,27,THR,H,H,1,7.85,0.02,,1,,,,,,,,,,,,,,,,,,,,,222882,6203,2
171,,2,2,27,27,THR,HA,H,1,4.51,0.02,,1,,,,,,,,,,,,,,,,,,,,,222882,6203,2
172,,2,2,27,27,THR,HB,H,1,4.14,0.02,,2,,,,,,,,,,,,,,,,,,,,,222882,6203,2
173,,2,2,27,27,THR,HG21,H,1,1.23,0.02,,1,,,,,,,,,,,,,,,,,,,,,222882,6203,2
174,,2,2,27,27,THR,HG22,H,1,1.23,0.02,,1,,,,,,,,,,,,,,,,,,,,,222882,6203,2
175,,2,2,27,27,THR,HG23,H,1,1.23,0.02,,1,,,,,,,,,,,,,,,,,,,,,222882,6203,2
176,,2,2,28,28,LYS,H,H,1,8.44,0.02,,1,,,,,,,,,,,,,,,,,,,,,222882,6203,2
177,,2,2,28,28,LYS,HA,H,1,4.33,0.02,,1,,,,,,,,,,,,,,,,,,,,,222882,6203,2
178,,2,2,28,28,LYS,HB2,H,1,1.79,0.02,,2,,,,,,,,,,,,,,,,,,,,,222882,6203,2
179,,2,2,28,28,LYS,HB3,H,1,1.70,0.02,,2,,,,,,,,,,,,,,,,,,,,,222882,6203,2
180,,2,2,28,28,LYS,HG2,H,1,1.40,0.02,,1,,,,,,,,,,,,,,,,,,,,,222882,6203,2
181,,2,2,28,28,LYS,HG3,H,1,1.40,0.02,,1,,,,,,,,,,,,,,,,,,,,,222882,6203,2
182,,2,2,28,28,LYS,HD2,H,1,1.60,0.02,,1,,,,,,,,,,,,,,,,,,,,,222882,6203,2
183,,2,2,28,28,LYS,HD3,H,1,1.60,0.02,,1,,,,,,,,,,,,,,,,,,,,,222882,6203,2
184,,2,2,28,28,LYS,HE2,H,1,2.88,0.02,,1,,,,,,,,,,,,,,,,,,,,,222882,6203,2
185,,2,2,28,28,LYS,HE3,H,1,2.88,0.02,,1,,,,,,,,,,,,,,,,,,,,,222882,6203,2
186,,2,2,29,29,PRO,HA,H,1,4.46,0.02,,1,,,,,,,,,,,,,,,,,,,,,222882,6203,2
187,,2,2,29,29,PRO,HB2,H,1,1.99,0.02,,2,,,,,,,,,,,,,,,,,,,,,222882,6203,2
188,,2,2,29,29,PRO,HB3,H,1,2.28,0.02,,2,,,,,,,,,,,,,,,,,,,,,222882,6203,2
189,,2,2,29,29,PRO,HG2,H,1,1.93,0.02,,1,,,,,,,,,,,,,,,,,,,,,222882,6203,2
190,,2,2,29,29,PRO,HG3,H,1,1.93,0.02,,1,,,,,,,,,,,,,,,,,,,,,222882,6203,2
191,,2,2,29,29,PRO,HD2,H,1,3.58,0.02,,2,,,,,,,,,,,,,,,,,,,,,222882,6203,2
192,,2,2,29,29,PRO,HD3,H,1,3.85,0.02,,2,,,,,,,,,,,,,,,,,,,,,222882,6203,2
193,,2,2,30,30,THR,H,H,1,7.81,0.02,,1,,,,,,,,,,,,,,,,,,,,,222882,6203,2
194,,2,2,30,30,THR,HA,H,1,4.12,0.02,,1,,,,,,,,,,,,,,,,,,,,,222882,6203,2
195,,2,2,30,30,THR,HB,H,1,4.22,0.02,,1,,,,,,,,,,,,,,,,,,,,,222882,6203,2
196,,2,2,30,30,THR,HG21,H,1,1.18,0.02,,1,,,,,,,,,,,,,,,,,,,,,222882,6203,2
197,,2,2,30,30,THR,HG22,H,1,1.18,0.02,,1,,,,,,,,,,,,,,,,,,,,,222882,6203,2
198,,2,2,30,30,THR,HG23,H,1,1.18,0.02,,1,,,,,,,,,,,,,,,,,,,,,222882,6203,2
